{
  "util_libs.git": 10.753190040588379, 
  "riscv-pk": 8.239583969116211, 
  "seL4.git": 60.07084679603577, 
  "seL4_tools.git": 31.048692226409912, 
  "sel4test.git": 12.728534936904907, 
  "musllibc.git": 32.87402701377869, 
  "seL4_libs.git": 11.253471851348877
}